number,active,reassignment_count,reopen_count,sys_mod_count,made_sla,caller_id,opened_by,opened_at,sys_created_by,sys_created_at,sys_updated_by,sys_updated_at,contact_type,location,category,subcategory,u_symptom,cmdb_ci,impact,urgency,priority,assignment_group,assigned_to,knowledge,u_priority_confirmation,notify,problem_id,rfc,vendor,caused_by,closed_code,resolved_by,resolved_at,closed_at,__EVENT_1,__EVENT_2,__EVENT_3,__EVENT_4,__EVENT_5,__EVENT_6,__EVENT_7,__EVENT_8,__EVENT_9,__EVENT_10,__EVENT_11,__EVENT_12,__EVENT_13,__EVENT_14,__DURATION_EVENT_1,__DURATION_EVENT_2,__DURATION_EVENT_3,__DURATION_EVENT_4,__DURATION_EVENT_5,__DURATION_EVENT_6,__DURATION_EVENT_7,__DURATION_EVENT_8,__DURATION_EVENT_9,__DURATION_EVENT_10,__DURATION_EVENT_11,__DURATION_EVENT_12,__DURATION_EVENT_13
INC0000045,FALSE,0,0,4,TRUE,Caller 2403,Opened by  8,29/2/2016 01:16,Created by 6,29/2/2016 01:23,Updated by 908,2016-03-05 12:00:00,Phone,Location 143,Category 55,Subcategory 170,Symptom 72,?,2 - Medium,2 - Medium,3 - Moderate,Group 56,?,TRUE,FALSE,Do Not Notify,?,?,?,?,code 5,Resolved by 149,29/2/2016 11:29,5/3/2016 12:00,New,Resolved,Resolved,Closed,,,,,,,,,,,27000.0,9360.0,433860.0,,,,,,,,,,
INC0000047,FALSE,1,0,8,TRUE,Caller 2403,Opened by  397,29/2/2016 04:40,Created by 171,29/2/2016 04:57,Updated by 908,2016-03-06 10:00:00,Phone,Location 165,Category 40,Subcategory 215,Symptom 471,?,2 - Medium,2 - Medium,3 - Moderate,Group 24,Resolver 89,TRUE,FALSE,Do Not Notify,?,?,?,?,code 5,Resolved by 81,1/3/2016 09:52,6/3/2016 10:00,New,Active,Active,Active,Active,Active,Awaiting User Info,Resolved,Closed,,,,,,1980.0,180.0,21480.0,60.0,78120.0,0.0,2280.0,432480.0,,,,,
INC0000057,FALSE,0,0,6,TRUE,Caller 4416,Opened by  8,29/2/2016 06:10,?,?,Updated by 908,2016-03-06 03:00:00,Phone,Location 204,Category 20,Subcategory 125,Symptom 471,?,2 - Medium,2 - Medium,3 - Moderate,Group 70,Resolver 6,TRUE,FALSE,Do Not Notify,Problem ID  2,?,?,?,code 10,Resolved by 5,1/3/2016 02:55,6/3/2016 03:00,New,New,New,New,New,Resolved,Closed,,,,,,,,720.0,12480.0,60420.0,60.0,60.0,432300.0,,,,,,,
INC0000060,FALSE,0,0,3,TRUE,Caller 4491,Opened by  180,29/2/2016 06:38,Created by 81,29/2/2016 06:42,Updated by 908,2016-03-07 13:00:00,Phone,Location 204,Category 9,Subcategory 97,Symptom 450,?,2 - Medium,2 - Medium,3 - Moderate,Group 25,Resolver 125,TRUE,FALSE,Do Not Notify,?,?,?,?,code 3,Resolved by 113,2/3/2016 12:06,7/3/2016 13:00,New,Active,Resolved,Closed,,,,,,,,,,,180600.0,11640.0,435240.0,,,,,,,,,,
INC0000062,FALSE,1,0,7,FALSE,Caller 3765,Opened by  180,29/2/2016 06:58,Created by 81,29/2/2016 07:26,Updated by 908,2016-03-05 16:00:00,Phone,Location 93,Category 53,Subcategory 168,Symptom 232,?,1 - High,2 - Medium,2 - High,Group 23,?,TRUE,FALSE,Do Not Notify,?,?,?,?,code 7,Resolved by 62,29/2/2016 15:51,5/3/2016 16:00,New,New,New,New,New,New,Resolved,Closed,,,,,,,180.0,300.0,13740.0,300.0,15780.0,0.0,432540.0,,,,,,
INC0000063,FALSE,1,0,7,TRUE,Caller 2146,Opened by  180,29/2/2016 07:08,Created by 81,29/2/2016 07:17,Updated by 908,2016-03-05 17:00:00,Phone,Location 93,Category 20,Subcategory 125,Symptom 471,?,2 - Medium,2 - Medium,3 - Moderate,Group 23,?,TRUE,FALSE,Do Not Notify,?,?,?,?,code 7,Resolved by 62,29/2/2016 16:01,5/3/2016 17:00,New,New,New,New,New,New,Resolved,Closed,,,,,,,360.0,240.0,1140.0,0.0,29700.0,0.0,435540.0,,,,,,
INC0000064,FALSE,1,0,8,TRUE,Caller 2838,Opened by  131,29/2/2016 07:10,Created by 62,29/2/2016 07:14,Updated by 908,2016-03-08 17:00:00,Phone,Location 143,Category 53,Subcategory 168,Symptom 580,?,2 - Medium,2 - Medium,3 - Moderate,Group 28,Resolver 78,TRUE,FALSE,Do Not Notify,?,?,?,?,code 6,Resolved by 71,3/3/2016 16:00,8/3/2016 17:00,New,New,Active,Active,Active,Active,Active,Resolved,Closed,,,,,,120.0,21360.0,60.0,158640.0,9780.0,100800.0,0.0,435600.0,,,,,
INC0000065,FALSE,6,0,13,TRUE,Caller 5323,Opened by  131,29/2/2016 07:38,Created by 62,29/2/2016 07:46,Updated by 908,2016-03-07 16:00:00,Phone,Location 108,Category 45,Subcategory 94,Symptom 311,?,2 - Medium,2 - Medium,3 - Moderate,Group 33,Resolver 216,TRUE,FALSE,Do Not Notify,?,?,?,?,code 1,Resolved by 197,2/3/2016 15:21,7/3/2016 16:00,New,New,New,New,New,New,New,New,New,New,Awaiting User Info,Resolved,Closed,,540.0,1860.0,0.0,3180.0,420.0,60.0,6600.0,12840.0,93660.0,80700.0,240.0,434340.0,
INC0000066,FALSE,1,0,3,TRUE,Caller 3796,Opened by  24,29/2/2016 08:03,Created by 13,29/2/2016 08:18,Updated by 908,2016-03-07 15:00:00,Phone,Location 161,Category 55,Subcategory 185,?,?,2 - Medium,2 - Medium,3 - Moderate,Group 54,?,TRUE,FALSE,Do Not Notify,?,?,?,?,code 5,Resolved by 208,2/3/2016 14:37,7/3/2016 15:00,New,New,Resolved,Closed,,,,,,,,,,,10320.0,185220.0,433380.0,,,,,,,,,,
INC0000067,FALSE,1,0,10,TRUE,Caller 442,Opened by  180,29/2/2016 08:03,Created by 81,29/2/2016 08:05,Updated by 908,2016-03-07 12:00:00,Phone,Location 143,Category 9,Subcategory 110,Symptom 470,?,2 - Medium,2 - Medium,3 - Moderate,Group 28,Resolver 236,TRUE,FALSE,Do Not Notify,?,?,?,?,code 1,Resolved by 215,2/3/2016 11:11,7/3/2016 12:00,New,New,New,Active,Active,Active,Active,Active,Active,Resolved,Closed,,,,480.0,120.0,60.0,840.0,4380.0,60.0,840.0,170400.0,6780.0,434940.0,,,
INC0000070,FALSE,1,0,9,FALSE,Caller 3757,Opened by  131,29/2/2016 08:11,Created by 62,29/2/2016 08:38,Updated by 908,2016-03-24 18:40:00,Phone,Location 46,Category 9,Subcategory 164,Symptom 592,?,2 - Medium,2 - Medium,3 - Moderate,Group 29,Resolver 31,TRUE,FALSE,Do Not Notify,?,?,?,?,code 11,Resolved by 30,8/3/2016 09:55,24/3/2016 18:40,New,Active,Active,Awaiting User Info,Awaiting User Info,Awaiting User Info,Resolved,Closed,,,,,,,16800.0,180.0,300.0,339780.0,338700.0,60.0,1413900.0,,,,,,
INC0000071,FALSE,0,0,7,TRUE,Caller 271,Opened by  180,29/2/2016 08:12,Created by 81,29/2/2016 08:17,Updated by 908,2016-03-06 11:00:00,Phone,Location 161,Category 9,Subcategory 164,Symptom 470,?,2 - Medium,2 - Medium,3 - Moderate,Group 24,Resolver 249,TRUE,FALSE,Do Not Notify,?,?,?,?,code 5,Resolved by 227,1/3/2016 10:38,6/3/2016 11:00,New,New,New,New,Awaiting User Info,Awaiting User Info,Resolved,Closed,,,,,,,87480.0,120.0,180.0,0.0,7020.0,60.0,433320.0,,,,,,
INC0000073,FALSE,1,0,6,TRUE,Caller 2519,Opened by  40,29/2/2016 08:22,Created by 20,29/2/2016 08:30,Updated by 908,2016-03-06 16:00:00,Phone,Location 42,Category 53,Subcategory 271,Symptom 470,?,2 - Medium,2 - Medium,3 - Moderate,Group 54,?,TRUE,FALSE,Do Not Notify,Problem ID  2,?,?,?,code 11,Resolved by 208,1/3/2016 15:37,6/3/2016 16:00,Active,Active,Active,Active,Resolved,Closed,,,,,,,,,5760.0,3900.0,102240.0,120.0,433380.0,,,,,,,,
INC0000074,FALSE,0,0,19,FALSE,Caller 527,Opened by  433,29/2/2016 08:23,?,?,Updated by 908,2016-04-16 15:07:00,Phone,Location 204,Category 45,Subcategory 220,?,?,2 - Medium,2 - Medium,3 - Moderate,Group 66,Resolver 193,TRUE,TRUE,Do Not Notify,?,CHG0000404,?,?,code 6,Resolved by 158,11/4/2016 14:39,16/4/2016 15:07,Active,Awaiting User Info,Awaiting User Info,Awaiting User Info,Resolved,Closed,,,,,,,,,900.0,20280.0,1803060.0,1827120.0,433680.0,,,,,,,,
INC0000076,FALSE,0,0,2,TRUE,Caller 2949,Opened by  180,29/2/2016 08:25,Created by 81,29/2/2016 08:29,Updated by 908,2016-03-05 17:00:00,Phone,Location 93,Category 42,Subcategory 224,Symptom 470,?,2 - Medium,2 - Medium,3 - Moderate,Group 23,?,TRUE,FALSE,Do Not Notify,?,?,?,?,code 5,Resolved by 62,29/2/2016 16:27,5/3/2016 17:00,New,Resolved,Closed,,,,,,,,,,,,28680.0,433980.0,,,,,,,,,,,
INC0000077,FALSE,0,0,5,TRUE,Caller 3304,Opened by  180,29/2/2016 08:27,?,?,Updated by 908,2016-03-05 10:00:00,Phone,Location 108,Category 32,Subcategory 9,Symptom 470,?,2 - Medium,2 - Medium,3 - Moderate,Group 70,?,TRUE,FALSE,Do Not Notify,?,?,?,?,code 6,Resolved by 85,29/2/2016 09:04,5/3/2016 10:00,New,New,New,New,Resolved,Closed,,,,,,,,,900.0,60.0,1200.0,60.0,435360.0,,,,,,,,
INC0000079,FALSE,1,0,4,TRUE,Caller 2471,Opened by  180,29/2/2016 08:32,?,?,Updated by 908,2016-03-05 12:00:00,Phone,Location 204,Category 55,Subcategory 170,Symptom 470,?,2 - Medium,2 - Medium,3 - Moderate,Group 65,Resolver 180,TRUE,FALSE,Do Not Notify,?,?,?,?,code 6,Resolved by 163,29/2/2016 11:20,5/3/2016 12:00,New,New,Active,Resolved,Closed,,,,,,,,,,9720.0,300.0,60.0,434400.0,,,,,,,,,
INC0000080,FALSE,0,0,7,TRUE,Caller 1194,Opened by  24,29/2/2016 08:33,?,?,Updated by 908,2016-03-07 12:00:00,Phone,Location 229,Category 32,Subcategory 9,Symptom 4,?,2 - Medium,2 - Medium,3 - Moderate,Group 70,?,TRUE,FALSE,Do Not Notify,?,?,?,?,code 6,Resolved by 15,2/3/2016 11:40,7/3/2016 12:00,New,New,New,New,New,Active,Resolved,Closed,,,,,,,600.0,900.0,13860.0,27720.0,9720.0,131220.0,433200.0,,,,,,
INC0000083,FALSE,1,0,4,TRUE,Caller 4866,Opened by  131,29/2/2016 08:39,Created by 62,29/2/2016 08:56,Updated by 908,2016-03-05 17:00:00,Phone,Location 93,Category 24,Subcategory 164,Symptom 583,?,3 - Low,3 - Low,4 - Low,Group 23,?,TRUE,FALSE,Do Not Notify,Problem ID  2,?,?,?,code 7,Resolved by 62,29/2/2016 16:05,5/3/2016 17:00,New,New,New,Resolved,Closed,,,,,,,,,,1380.0,2820.0,21540.0,435300.0,,,,,,,,,
INC0000084,FALSE,0,0,19,FALSE,Caller 3038,Opened by  433,29/2/2016 08:39,?,?,Updated by 908,2016-04-17 15:07:00,Phone,Location 204,Category 45,Subcategory 220,Symptom 253,?,3 - Low,3 - Low,4 - Low,Group 66,Resolver 175,TRUE,TRUE,Do Not Notify,?,CHG0000647,?,?,code 6,Resolved by 158,12/4/2016 14:46,17/4/2016 15:07,Active,Awaiting User Info,Awaiting User Info,Awaiting User Info,Resolved,Closed,,,,,,,,,1920.0,18900.0,3081600.0,634800.0,433260.0,,,,,,,,
INC0000085,FALSE,0,0,6,TRUE,Caller 917,Opened by  180,29/2/2016 08:41,Created by 81,29/2/2016 08:47,Updated by 908,2016-03-07 15:00:00,Phone,Location 161,Category 20,Subcategory 125,Symptom 470,?,2 - Medium,2 - Medium,3 - Moderate,Group 54,?,TRUE,FALSE,Do Not Notify,Problem ID  2,?,?,?,code 7,Resolved by 208,2/3/2016 14:44,7/3/2016 15:00,New,New,Resolved,Closed,,,,,,,,,,,4800.0,189420.0,432960.0,,,,,,,,,,
INC0000086,FALSE,1,0,8,TRUE,Caller 2403,Opened by  24,29/2/2016 08:43,Created by 13,29/2/2016 08:49,Updated by 908,2016-03-06 16:00:00,Phone,Location 98,Category 24,Subcategory 164,Symptom 471,?,2 - Medium,2 - Medium,3 - Moderate,Group 23,?,TRUE,FALSE,Do Not Notify,Problem ID  2,?,?,?,code 7,Resolved by 62,1/3/2016 15:45,6/3/2016 16:00,New,New,New,New,New,New,New,Resolved,Closed,,,,,,0.0,60.0,180.0,60.0,4380.0,106380.0,300.0,432900.0,,,,,
INC0000087,FALSE,0,0,3,TRUE,Caller 950,Opened by  180,29/2/2016 08:47,Created by 81,29/2/2016 08:56,Updated by 908,2016-03-07 15:00:00,Phone,Location 69,Category 53,Subcategory 194,?,?,2 - Medium,2 - Medium,3 - Moderate,Group 54,?,TRUE,FALSE,Do Not Notify,Problem ID  2,?,?,?,code 7,Resolved by 208,2/3/2016 14:46,7/3/2016 15:00,New,New,Resolved,Closed,,,,,,,,,,,4260.0,189540.0,432840.0,,,,,,,,,,
INC0000088,FALSE,0,0,2,TRUE,Caller 388,Opened by  180,29/2/2016 08:48,?,?,Updated by 908,2016-03-05 10:00:00,Phone,Location 93,Category 42,Subcategory 224,Symptom 4,?,2 - Medium,2 - Medium,3 - Moderate,Group 70,?,TRUE,FALSE,Do Not Notify,?,?,?,?,code 6,Resolved by 85,29/2/2016 09:05,5/3/2016 10:00,New,Resolved,Closed,,,,,,,,,,,,1020.0,435300.0,,,,,,,,,,,
INC0000089,FALSE,3,0,9,TRUE,Caller 4907,Opened by  180,29/2/2016 08:51,Created by 81,29/2/2016 09:03,Updated by 908,2016-03-08 15:00:00,Phone,Location 108,Category 45,Subcategory 94,Symptom 609,?,2 - Medium,3 - Low,4 - Low,Group 33,Resolver 216,TRUE,FALSE,Do Not Notify,?,?,?,?,code 1,Resolved by 197,3/3/2016 14:35,8/3/2016 15:00,Active,Active,Active,Active,Active,Awaiting Problem,Awaiting Problem,Awaiting Problem,Resolved,Closed,,,,,660.0,0.0,0.0,181680.0,9480.0,420.0,180.0,86700.0,433500.0,,,,
INC0000092,FALSE,1,0,6,FALSE,Caller 1811,Opened by  40,29/2/2016 08:55,?,?,Updated by 908,2016-03-12 09:00:00,Phone,Location 172,Category 53,Subcategory 271,Symptom 470,?,2 - Medium,2 - Medium,3 - Moderate,Group 72,?,TRUE,FALSE,Do Not Notify,Problem ID  2,?,?,?,code 5,Resolved by 99,7/3/2016 08:45,12/3/2016 09:00,Active,Active,Active,Resolved,Closed,,,,,,,,,,4320.0,13680.0,586200.0,432900.0,,,,,,,,,
INC0000094,FALSE,0,0,10,FALSE,Caller 387,Opened by  433,29/2/2016 08:58,?,?,Updated by 908,2016-03-24 18:50:00,Phone,Location 204,Category 45,Subcategory 220,?,?,3 - Low,3 - Low,4 - Low,Group 66,Resolver 193,TRUE,FALSE,Do Not Notify,?,?,?,?,code 6,Resolved by 184,10/3/2016 10:45,24/3/2016 18:50,Active,Awaiting User Info,Awaiting User Info,Resolved,Closed,,,,,,,,,,780.0,18780.0,850860.0,1238700.0,,,,,,,,,
INC0000098,FALSE,1,0,5,TRUE,Caller 4043,Opened by  24,29/2/2016 09:02,Created by 13,29/2/2016 09:08,Updated by 908,2016-03-07 15:00:00,Phone,Location 108,Category 53,Subcategory 194,Symptom 471,?,2 - Medium,2 - Medium,3 - Moderate,Group 54,?,TRUE,FALSE,Do Not Notify,Problem ID  2,?,?,?,code 7,Resolved by 208,2/3/2016 14:51,7/3/2016 15:00,New,New,New,New,Resolved,Closed,,,,,,,,,180.0,60.0,3300.0,189840.0,432540.0,,,,,,,,
INC0000099,FALSE,1,0,3,TRUE,Caller 5410,Opened by  180,29/2/2016 09:03,Created by 81,29/2/2016 09:06,Updated by 908,2016-03-06 10:00:00,Phone,Location 51,Category 24,Subcategory 164,Symptom 529,?,2 - Medium,2 - Medium,3 - Moderate,Group 30,Resolver 201,TRUE,FALSE,Do Not Notify,?,?,?,?,code 8,Resolved by 183,1/3/2016 09:05,6/3/2016 10:00,New,New,Resolved,Closed,,,,,,,,,,,420.0,85920.0,435300.0,,,,,,,,,,
INC0000100,FALSE,0,0,3,TRUE,Caller 3082,Opened by  40,29/2/2016 09:05,Created by 20,29/2/2016 09:11,Updated by 908,2016-03-07 15:00:00,Phone,Location 161,Category 53,Subcategory 271,Symptom 470,?,2 - Medium,2 - Medium,3 - Moderate,Group 54,?,TRUE,FALSE,Do Not Notify,Problem ID  2,?,?,?,code 7,Resolved by 208,2/3/2016 14:53,7/3/2016 15:00,Active,Active,Resolved,Closed,,,,,,,,,,,3360.0,189960.0,432420.0,,,,,,,,,,
INC0000101,FALSE,0,0,6,TRUE,Caller 1892,Opened by  180,29/2/2016 09:05,Created by 81,29/2/2016 09:13,Updated by 908,2016-03-05 12:00:00,Phone,Location 143,Category 55,Subcategory 170,Symptom 273,?,2 - Medium,3 - Low,4 - Low,Group 65,Resolver 180,TRUE,FALSE,Do Not Notify,?,?,?,?,code 6,Resolved by 163,29/2/2016 11:00,5/3/2016 12:00,New,New,Active,Active,Active,Resolved,Closed,,,,,,,,1740.0,2760.0,1860.0,0.0,60.0,435600.0,,,,,,,
INC0000103,FALSE,0,0,3,TRUE,Caller 4375,Opened by  180,29/2/2016 09:07,Created by 81,29/2/2016 09:10,Updated by 908,2016-03-07 15:00:00,Phone,Location 108,Category 53,Subcategory 194,?,?,2 - Medium,2 - Medium,3 - Moderate,Group 54,?,TRUE,FALSE,Do Not Notify,Problem ID  2,?,?,?,code 7,Resolved by 208,2/3/2016 14:54,7/3/2016 15:00,New,New,Resolved,Closed,,,,,,,,,,,3420.0,190020.0,432360.0,,,,,,,,,,
INC0000104,FALSE,1,0,6,FALSE,Caller 5180,Opened by  180,29/2/2016 09:08,Created by 81,29/2/2016 09:17,Updated by 908,2016-03-06 12:00:00,Phone,Location 51,Category 53,Subcategory 168,Symptom 116,?,1 - High,2 - Medium,2 - High,Group 30,Resolver 201,TRUE,TRUE,Do Not Notify,?,?,?,?,code 6,Resolved by 183,1/3/2016 11:55,6/3/2016 12:00,New,New,Active,Active,Active,Resolved,Closed,,,,,,,,60.0,14400.0,37800.0,36720.0,6900.0,432300.0,,,,,,,
INC0000105,FALSE,1,0,7,TRUE,Caller 2949,Opened by  180,29/2/2016 09:10,Created by 81,29/2/2016 09:13,Updated by 908,2016-03-05 12:00:00,Phone,Location 93,Category 45,Subcategory 223,?,?,2 - Medium,2 - Medium,3 - Moderate,Group 55,?,TRUE,FALSE,Do Not Notify,?,?,?,?,code 9,Resolved by 77,29/2/2016 11:58,5/3/2016 12:00,New,New,New,New,New,New,Resolved,Closed,,,,,,,60.0,0.0,780.0,180.0,8700.0,180.0,432120.0,,,,,,
INC0000110,FALSE,0,0,3,TRUE,Caller 5540,Opened by  40,29/2/2016 09:13,Created by 20,29/2/2016 09:19,Updated by 908,2016-03-07 15:00:00,Phone,Location 108,Category 53,Subcategory 271,Symptom 470,?,2 - Medium,2 - Medium,3 - Moderate,Group 54,?,TRUE,FALSE,Do Not Notify,Problem ID  2,?,?,?,code 7,Resolved by 208,2/3/2016 14:55,7/3/2016 15:00,Active,Active,Resolved,Closed,,,,,,,,,,,2880.0,190080.0,432300.0,,,,,,,,,,
INC0000111,FALSE,0,0,3,TRUE,Caller 4325,Opened by  180,29/2/2016 09:14,Created by 81,29/2/2016 09:19,Updated by 908,2016-03-07 15:00:00,Phone,Location 93,Category 53,Subcategory 130,Symptom 470,?,2 - Medium,2 - Medium,3 - Moderate,Group 54,?,TRUE,FALSE,Do Not Notify,Problem ID  2,?,?,?,code 7,Resolved by 208,2/3/2016 14:56,7/3/2016 15:00,New,New,Resolved,Closed,,,,,,,,,,,2880.0,190140.0,432240.0,,,,,,,,,,
INC0000112,FALSE,2,0,5,TRUE,Caller 521,Opened by  131,29/2/2016 09:15,Created by 62,29/2/2016 09:18,Updated by 908,2016-03-07 16:00:00,Phone,Location 93,Category 37,Subcategory 135,Symptom 87,?,2 - Medium,2 - Medium,3 - Moderate,Group 23,Resolver 215,TRUE,FALSE,Do Not Notify,?,?,?,?,code 7,Resolved by 196,2/3/2016 15:13,7/3/2016 16:00,New,New,New,New,Resolved,Closed,,,,,,,,,58260.0,132780.0,2220.0,840.0,434820.0,,,,,,,,
INC0000113,FALSE,0,0,4,TRUE,Caller 1658,Opened by  24,29/2/2016 09:18,Created by 13,29/2/2016 09:19,Updated by 908,2016-03-07 20:00:00,Phone,Location 204,Category 55,Subcategory 23,?,?,2 - Medium,2 - Medium,3 - Moderate,Group 25,Resolver 227,TRUE,FALSE,Do Not Notify,?,?,?,?,code 6,Resolved by 206,2/3/2016 19:30,7/3/2016 20:00,New,Active,Active,Resolved,Closed,,,,,,,,,,209340.0,120.0,0.0,433800.0,,,,,,,,,
INC0000114,FALSE,1,0,9,TRUE,Caller 4554,Opened by  180,29/2/2016 09:18,?,?,Updated by 908,2016-03-08 02:00:00,Phone,Location 161,Category 53,Subcategory 194,?,?,2 - Medium,2 - Medium,3 - Moderate,Group 70,?,TRUE,FALSE,Do Not Notify,Problem ID  2,?,?,?,code 7,Resolved by 174,3/3/2016 01:18,8/3/2016 02:00,New,New,New,New,Awaiting User Info,Awaiting User Info,Awaiting User Info,Resolved,Closed,,,,,,2940.0,105840.0,60.0,34860.0,420.0,86220.0,60.0,434520.0,,,,,
INC0000115,FALSE,2,0,5,TRUE,Caller 5494,Opened by  131,29/2/2016 09:20,Created by 62,29/2/2016 09:31,Updated by 908,2016-03-06 09:00:00,Phone,Location 161,Category 9,Subcategory 164,Symptom 607,?,2 - Medium,2 - Medium,3 - Moderate,Group 24,Resolver 89,TRUE,FALSE,Do Not Notify,?,?,?,?,code 9,Resolved by 81,1/3/2016 08:50,6/3/2016 09:00,New,New,New,New,Resolved,Closed,,,,,,,,,55620.0,27600.0,420.0,300.0,432600.0,,,,,,,,
INC0000116,FALSE,1,0,3,TRUE,Caller 1488,Opened by  180,29/2/2016 09:20,Created by 81,29/2/2016 09:23,Updated by 908,2016-03-06 13:00:00,Phone,Location 108,Category 37,Subcategory 135,Symptom 529,?,2 - Medium,2 - Medium,3 - Moderate,Group 47,?,TRUE,FALSE,Do Not Notify,?,?,?,?,code 6,Resolved by 106,1/3/2016 12:02,6/3/2016 13:00,New,New,Resolved,Closed,,,,,,,,,,,15480.0,80460.0,435480.0,,,,,,,,,,
INC0000119,FALSE,0,0,3,TRUE,Caller 3842,Opened by  180,29/2/2016 09:22,Created by 81,29/2/2016 09:31,Updated by 908,2016-03-06 10:00:00,Phone,Location 161,Category 9,Subcategory 164,Symptom 471,?,2 - Medium,2 - Medium,3 - Moderate,Group 24,Resolver 89,TRUE,FALSE,Do Not Notify,?,?,?,?,code 9,Resolved by 81,1/3/2016 09:03,6/3/2016 10:00,New,Active,Resolved,Closed,,,,,,,,,,,84660.0,60.0,435420.0,,,,,,,,,,
INC0000121,FALSE,0,0,2,TRUE,Caller 1932,Opened by  40,29/2/2016 09:25,Created by 20,29/2/2016 09:28,Updated by 908,2016-03-05 17:00:00,Phone,Location 93,Category 53,Subcategory 271,Symptom 471,?,2 - Medium,2 - Medium,3 - Moderate,Group 23,?,TRUE,FALSE,Do Not Notify,?,?,?,?,code 7,Resolved by 62,29/2/2016 16:31,5/3/2016 17:00,Active,Resolved,Closed,,,,,,,,,,,,25380.0,433740.0,,,,,,,,,,,
INC0000122,FALSE,1,0,4,TRUE,Caller 3113,Opened by  24,29/2/2016 09:27,Created by 13,29/2/2016 09:34,Updated by 908,2016-03-06 17:00:00,Phone,Location 44,Category 45,Subcategory 107,Symptom 226,?,2 - Medium,2 - Medium,3 - Moderate,Group 22,?,TRUE,FALSE,Do Not Notify,?,?,?,?,code 3,Resolved by 139,1/3/2016 16:50,6/3/2016 17:00,New,New,New,Resolved,Closed,,,,,,,,,,5400.0,3120.0,104040.0,432600.0,,,,,,,,,
INC0000123,FALSE,0,0,3,TRUE,Caller 4428,Opened by  180,29/2/2016 09:29,Created by 81,29/2/2016 09:38,Updated by 908,2016-03-07 15:00:00,Phone,Location 108,Category 53,Subcategory 194,Symptom 470,?,2 - Medium,2 - Medium,3 - Moderate,Group 54,?,TRUE,FALSE,Do Not Notify,Problem ID  2,?,?,?,code 7,Resolved by 208,2/3/2016 14:56,7/3/2016 15:00,New,New,Resolved,Closed,,,,,,,,,,,1800.0,190080.0,432240.0,,,,,,,,,,
INC0000124,FALSE,0,0,3,TRUE,Caller 4907,Opened by  40,29/2/2016 09:30,Created by 20,29/2/2016 09:39,Updated by 908,2016-03-05 12:00:00,Phone,Location 108,Category 53,Subcategory 271,Symptom 470,?,2 - Medium,2 - Medium,3 - Moderate,Group 33,Resolver 159,TRUE,FALSE,Do Not Notify,?,?,?,?,code 7,Resolved by 143,29/2/2016 11:05,5/3/2016 12:00,Active,Active,Resolved,Closed,,,,,,,,,,,5100.0,60.0,435300.0,,,,,,,,,,
INC0000125,FALSE,1,0,6,TRUE,Caller 154,Opened by  131,29/2/2016 09:31,Created by 62,29/2/2016 09:35,Updated by 908,2016-03-06 09:00:00,Phone,Location 108,Category 9,Subcategory 164,Symptom 607,?,2 - Medium,2 - Medium,3 - Moderate,Group 27,Resolver 170,TRUE,TRUE,Do Not Notify,Problem ID  2,?,?,?,code 11,Resolved by 153,1/3/2016 08:32,6/3/2016 09:00,New,New,New,Active,Active,Resolved,Closed,,,,,,,,1980.0,55200.0,25140.0,180.0,120.0,433680.0,,,,,,,
INC0000126,FALSE,0,0,3,TRUE,Caller 3754,Opened by  180,29/2/2016 09:31,Created by 81,29/2/2016 09:42,Updated by 908,2016-03-07 15:00:00,Phone,Location 142,Category 53,Subcategory 127,Symptom 470,?,2 - Medium,2 - Medium,3 - Moderate,Group 54,?,TRUE,FALSE,Do Not Notify,Problem ID  2,?,?,?,code 7,Resolved by 208,2/3/2016 14:57,7/3/2016 15:00,New,New,Resolved,Closed,,,,,,,,,,,1560.0,190140.0,432180.0,,,,,,,,,,
INC0000128,FALSE,2,0,10,FALSE,Caller 4539,Opened by  131,29/2/2016 09:36,Created by 62,29/2/2016 09:40,Updated by 908,2016-03-24 18:50:00,Phone,Location 36,Category 44,Subcategory 54,Symptom 4,?,2 - Medium,2 - Medium,3 - Moderate,Group 39,Resolver 99,TRUE,FALSE,Do Not Notify,?,?,?,?,code 6,Resolved by 89,11/3/2016 12:15,24/3/2016 18:50,New,New,New,Active,Active,Resolved,Closed,,,,,,,,1320.0,0.0,13080.0,350220.0,595080.0,1146900.0,,,,,,,
INC0000129,FALSE,2,0,17,FALSE,Caller 5340,Opened by  180,29/2/2016 09:40,Created by 81,29/2/2016 09:48,Updated by 908,2016-03-27 13:59:00,Phone,Location 135,Category 23,Subcategory 75,Symptom 4,?,2 - Medium,2 - Medium,3 - Moderate,Group 24,Resolver 253,TRUE,TRUE,Do Not Notify,?,?,?,?,code 6,Resolved by 231,22/3/2016 13:30,27/3/2016 13:59,New,Awaiting User Info,Awaiting User Info,Awaiting User Info,Awaiting User Info,Awaiting User Info,Awaiting User Info,Awaiting User Info,Awaiting User Info,Awaiting User Info,Awaiting User Info,Resolved,Closed,,9840.0,229920.0,36000.0,75300.0,8940.0,421800.0,900.0,1127880.0,2640.0,180.0,720.0,433740.0,
INC0000130,FALSE,1,0,5,TRUE,Caller 314,Opened by  62,29/2/2016 09:41,Created by 81,29/2/2016 07:17,Updated by 908,2016-03-08 11:00:00,Phone,Location 204,Category 61,Subcategory 164,Symptom 470,?,2 - Medium,2 - Medium,3 - Moderate,Group 73,Resolver 198,TRUE,FALSE,Do Not Notify,?,?,?,?,code 6,Resolved by 180,3/3/2016 10:16,8/3/2016 11:00,New,New,Active,Active,Resolved,Closed,,,,,,,,,9120.0,101640.0,158580.0,0.0,434640.0,,,,,,,,
INC0000131,FALSE,0,0,3,TRUE,Caller 3763,Opened by  433,29/2/2016 09:41,Created by 62,29/2/2016 07:14,Updated by 908,2016-03-08 10:00:00,Phone,Location 15,Category 45,Subcategory 220,Symptom 580,?,2 - Medium,2 - Medium,3 - Moderate,Group 66,Resolver 175,TRUE,FALSE,Do Not Notify,?,?,?,?,code 2,Resolved by 184,3/3/2016 09:27,8/3/2016 10:00,Active,Awaiting User Info,Resolved,Closed,,,,,,,,,,,9060.0,258120.0,433980.0,,,,,,,,,,
INC0000132,FALSE,2,0,5,TRUE,Caller 3957,Opened by  131,29/2/2016 09:42,Created by 62,29/2/2016 09:50,Updated by 908,2016-03-08 16:00:00,Phone,Location 204,Category 9,Subcategory 164,Symptom 580,?,2 - Medium,2 - Medium,3 - Moderate,Group 23,Resolver 135,TRUE,FALSE,Do Not Notify,?,?,?,?,code 6,Resolved by 121,3/3/2016 15:18,8/3/2016 16:00,New,New,New,Active,Resolved,Closed,,,,,,,,,7440.0,178140.0,11580.0,81720.0,434520.0,,,,,,,,
INC0000134,FALSE,1,0,4,TRUE,Caller 2471,Opened by  501,29/2/2016 09:44,Created by 62,29/2/2016 07:46,Updated by 908,2016-03-08 09:00:00,Phone,Location 204,Category 62,Subcategory 192,Symptom 580,?,3 - Low,3 - Low,4 - Low,Group 73,Resolver 198,TRUE,FALSE,Do Not Notify,?,?,?,?,code 8,Resolved by 180,3/3/2016 08:21,8/3/2016 09:00,New,New,Active,Resolved,Closed,,,,,,,,,,7020.0,102060.0,151680.0,434340.0,,,,,,,,,
INC0000135,FALSE,0,0,7,TRUE,Caller 5331,Opened by  40,29/2/2016 09:45,Created by 62,29/2/2016 07:46,Updated by 908,2016-03-05 17:00:00,Phone,Location 204,Category 53,Subcategory 271,Symptom 470,?,2 - Medium,2 - Medium,3 - Moderate,Group 70,Resolver 216,TRUE,FALSE,Do Not Notify,?,?,?,?,code 9,Resolved by 32,29/2/2016 16:17,5/3/2016 17:00,Active,Active,Active,Active,Active,Resolved,Resolved,Closed,,,,,,,8280.0,660.0,10740.0,1800.0,120.0,3000.0,434580.0,,,,,,
INC0000137,FALSE,0,0,3,TRUE,Caller 899,Opened by  24,29/2/2016 09:48,Created by 13,29/2/2016 08:18,Updated by 908,2016-03-05 12:00:00,Phone,Location 51,Category 32,Subcategory 9,Symptom 470,?,2 - Medium,2 - Medium,3 - Moderate,Group 70,?,TRUE,FALSE,Do Not Notify,?,?,?,?,code 6,Resolved by 15,29/2/2016 11:03,5/3/2016 12:00,New,Resolved,New,Closed,,,,,,,,,,,4260.0,420.0,435000.0,,,,,,,,,,
INC0000139,FALSE,1,0,6,TRUE,Caller 3284,Opened by  131,29/2/2016 09:50,Created by 62,29/2/2016 10:16,Updated by 908,2016-03-06 10:00:00,Phone,Location 204,Category 53,Subcategory 303,Symptom 4,?,2 - Medium,2 - Medium,3 - Moderate,Group 54,?,TRUE,FALSE,Do Not Notify,?,?,?,?,code 6,Resolved by 208,1/3/2016 09:56,6/3/2016 10:00,New,New,New,New,Resolved,Closed,,,,,,,,,120.0,25260.0,59700.0,120.0,432240.0,,,,,,,,
INC0000140,FALSE,1,0,7,TRUE,Caller 3868,Opened by  180,29/2/2016 09:51,Created by 81,29/2/2016 09:54,Updated by 908,2016-03-08 12:00:00,Phone,Location 79,Category 9,Subcategory 164,Symptom 509,?,2 - Medium,2 - Medium,3 - Moderate,Group 25,Resolver 125,TRUE,FALSE,Do Not Notify,?,?,?,?,code 6,Resolved by 113,3/3/2016 11:59,8/3/2016 12:00,Active,Active,Active,Active,Active,Resolved,Closed,,,,,,,,540.0,240.0,180.0,169320.0,96420.0,432060.0,,,,,,,
INC0000141,FALSE,0,0,4,TRUE,Caller 72,Opened by  40,29/2/2016 09:52,Created by 20,29/2/2016 09:54,Updated by 908,2016-03-07 15:00:00,Phone,Location 93,Category 53,Subcategory 271,Symptom 470,?,2 - Medium,2 - Medium,3 - Moderate,Group 54,?,TRUE,FALSE,Do Not Notify,Problem ID  2,?,?,?,code 7,Resolved by 208,2/3/2016 14:58,7/3/2016 15:00,Active,Active,Resolved,Closed,,,,,,,,,,,180.0,190860.0,432120.0,,,,,,,,,,
INC0000146,FALSE,0,0,3,TRUE,Caller 220,Opened by  24,29/2/2016 09:57,Created by 13,29/2/2016 10:02,Updated by 908,2016-03-07 15:00:00,Phone,Location 55,Category 53,Subcategory 194,Symptom 208,?,2 - Medium,2 - Medium,3 - Moderate,Group 54,?,TRUE,FALSE,Do Not Notify,Problem ID  2,?,?,?,code 7,Resolved by 208,2/3/2016 14:59,7/3/2016 15:00,New,New,Resolved,Closed,,,,,,,,,,,360.0,190260.0,432060.0,,,,,,,,,,
INC0000147,FALSE,1,0,9,FALSE,Caller 926,Opened by  40,29/2/2016 10:00,Created by 20,29/2/2016 10:08,Updated by 908,2016-03-19 10:00:00,Phone,Location 179,Category 53,Subcategory 271,Symptom 470,?,2 - Medium,2 - Medium,3 - Moderate,Group 25,Resolver 125,TRUE,FALSE,Do Not Notify,Problem ID  2,?,?,?,code 5,Resolved by 113,14/3/2016 09:49,19/3/2016 10:00,Active,Active,Active,Active,Active,Resolved,Closed,,,,,,,,1080.0,12120.0,262200.0,428040.0,505020.0,432660.0,,,,,,,
INC0000148,FALSE,0,0,3,TRUE,Caller 4279,Opened by  501,29/2/2016 10:00,Created by 216,29/2/2016 10:04,Updated by 908,2016-03-07 16:00:00,Phone,Location 93,Category 53,Subcategory 127,Symptom 470,?,2 - Medium,2 - Medium,3 - Moderate,Group 54,?,TRUE,FALSE,Do Not Notify,Problem ID  2,?,?,?,code 1,Resolved by 208,2/3/2016 15:00,7/3/2016 16:00,New,New,Resolved,Closed,,,,,,,,,,,480.0,190080.0,435600.0,,,,,,,,,,
INC0000149,FALSE,0,0,3,TRUE,Caller 4331,Opened by  62,29/2/2016 10:01,Created by 33,29/2/2016 10:06,Updated by 908,2016-03-07 16:00:00,Phone,Location 142,Category 53,Subcategory 127,Symptom 470,?,2 - Medium,2 - Medium,3 - Moderate,Group 54,?,TRUE,FALSE,Do Not Notify,Problem ID  2,?,?,?,code 7,Resolved by 208,2/3/2016 15:01,7/3/2016 16:00,New,New,Resolved,Closed,,,,,,,,,,,300.0,190200.0,435540.0,,,,,,,,,,
INC0000152,FALSE,0,0,4,TRUE,Caller 1913,Opened by  180,29/2/2016 10:08,Created by 81,29/2/2016 10:16,Updated by 908,2016-03-08 10:00:00,Phone,Location 51,Category 53,Subcategory 168,Symptom 4,?,2 - Medium,2 - Medium,3 - Moderate,Group 30,Resolver 201,TRUE,TRUE,Do Not Notify,?,?,?,?,code 6,Resolved by 183,3/3/2016 09:23,8/3/2016 10:00,New,Awaiting User Info,Awaiting User Info,Resolved,Closed,,,,,,,,,,101520.0,60.0,154440.0,434220.0,,,,,,,,,
INC0000153,FALSE,0,0,3,TRUE,Caller 5150,Opened by  24,29/2/2016 10:10,Created by 13,29/2/2016 10:11,Updated by 908,2016-03-07 15:00:00,Phone,Location 108,Category 53,Subcategory 194,Symptom 208,?,2 - Medium,2 - Medium,3 - Moderate,Group 54,?,TRUE,FALSE,Do Not Notify,Problem ID  2,?,?,?,code 7,Resolved by 208,2/3/2016 14:55,7/3/2016 15:00,New,New,Resolved,Closed,,,,,,,,,,,60.0,189780.0,432300.0,,,,,,,,,,
INC0000155,FALSE,0,0,3,TRUE,Caller 278,Opened by  180,29/2/2016 10:12,Created by 81,29/2/2016 10:13,Updated by 908,2016-03-07 16:00:00,Phone,Location 171,Category 53,Subcategory 194,?,?,2 - Medium,2 - Medium,3 - Moderate,Group 54,?,TRUE,FALSE,Do Not Notify,Problem ID  2,?,?,?,code 7,Resolved by 208,2/3/2016 15:02,7/3/2016 16:00,New,New,Resolved,Closed,,,,,,,,,,,360.0,189780.0,435480.0,,,,,,,,,,
INC0000156,FALSE,0,0,3,TRUE,Caller 2811,Opened by  501,29/2/2016 10:14,Created by 216,29/2/2016 10:18,Updated by 908,2016-03-07 16:00:00,Phone,Location 93,Category 53,Subcategory 127,Symptom 470,?,2 - Medium,2 - Medium,3 - Moderate,Group 54,?,TRUE,FALSE,Do Not Notify,Problem ID  2,?,?,?,code 7,Resolved by 208,2/3/2016 15:02,7/3/2016 16:00,New,New,Resolved,Closed,,,,,,,,,,,60.0,189780.0,435480.0,,,,,,,,,,
INC0000158,FALSE,0,0,2,TRUE,Caller 229,Opened by  301,29/2/2016 10:17,Created by 129,29/2/2016 10:37,Updated by 908,2016-03-07 16:00:00,Phone,Location 56,Category 53,Subcategory 127,Symptom 470,?,2 - Medium,2 - Medium,3 - Moderate,Group 54,?,TRUE,FALSE,Do Not Notify,?,?,?,?,code 7,Resolved by 208,2/3/2016 15:06,7/3/2016 16:00,New,Resolved,Closed,,,,,,,,,,,,188940.0,435240.0,,,,,,,,,,,
INC0000159,FALSE,1,0,6,TRUE,Caller 3923,Opened by  180,29/2/2016 10:17,Created by 81,29/2/2016 10:22,Updated by 908,2016-03-07 11:00:00,Phone,Location 143,Category 24,Subcategory 164,Symptom 571,?,2 - Medium,2 - Medium,3 - Moderate,Group 28,?,TRUE,FALSE,Do Not Notify,?,?,?,?,code 6,Resolved by 215,2/3/2016 10:09,7/3/2016 11:00,New,New,New,Resolved,Resolved,Closed,,,,,,,,,60.0,240.0,167640.0,4080.0,435060.0,,,,,,,,
INC0000161,FALSE,2,0,11,FALSE,Caller 3007,Opened by  180,29/2/2016 10:18,Created by 81,29/2/2016 10:30,Updated by 908,2016-03-24 18:40:00,Phone,Location 55,Category 37,Subcategory 135,Symptom 529,?,3 - Low,3 - Low,4 - Low,Group 29,Resolver 31,TRUE,FALSE,Do Not Notify,?,?,?,?,code 6,Resolved by 30,8/3/2016 09:22,24/3/2016 18:40,New,New,New,New,New,New,New,Awaiting User Info,Awaiting User Info,Resolved,Closed,,,,120.0,420.0,53040.0,133680.0,77460.0,8520.0,0.0,413880.0,0.0,1415880.0,,,
INC0000164,FALSE,2,0,6,TRUE,Caller 3237,Opened by  131,29/2/2016 10:18,Created by 13,29/2/2016 08:49,Updated by 908,2016-03-08 15:00:00,Phone,Location 224,Category 53,Subcategory 114,Symptom 470,?,2 - Medium,2 - Medium,3 - Moderate,Group 70,?,TRUE,FALSE,Do Not Notify,Problem ID  2,?,?,?,code 11,Resolved by 175,3/3/2016 14:34,8/3/2016 15:00,New,Active,Active,Active,Active,Resolved,Closed,,,,,,,,52020.0,45360.0,182160.0,120.0,0.0,433560.0,,,,,,,
INC0000166,FALSE,0,0,3,TRUE,Caller 4098,Opened by  501,29/2/2016 10:24,Created by 216,29/2/2016 10:28,Updated by 908,2016-03-05 17:00:00,Phone,Location 108,Category 9,Subcategory 164,Symptom 117,?,2 - Medium,2 - Medium,3 - Moderate,Group 27,Resolver 170,TRUE,TRUE,Do Not Notify,?,?,?,?,code 6,Resolved by 153,29/2/2016 16:24,5/3/2016 17:00,New,New,Resolved,Closed,,,,,,,,,,,21360.0,0.0,434160.0,,,,,,,,,,
INC0000167,FALSE,0,0,3,TRUE,Caller 649,Opened by  24,29/2/2016 10:27,?,?,Updated by 908,2016-03-05 12:00:00,Phone,Location 108,Category 20,Subcategory 125,?,?,2 - Medium,2 - Medium,3 - Moderate,Group 70,Resolver 17,TRUE,FALSE,Do Not Notify,?,?,?,?,code 6,Resolved by 15,29/2/2016 11:02,5/3/2016 12:00,New,Active,Resolved,Closed,,,,,,,,,,,180.0,1920.0,435480.0,,,,,,,,,,
INC0000168,FALSE,0,0,2,TRUE,Caller 4568,Opened by  131,29/2/2016 10:27,Created by 62,29/2/2016 10:39,Updated by 908,2016-03-06 10:00:00,Phone,Location 161,Category 9,Subcategory 164,Symptom 7,?,2 - Medium,2 - Medium,3 - Moderate,Group 24,Resolver 89,TRUE,FALSE,Do Not Notify,?,?,?,?,code 9,Resolved by 81,1/3/2016 09:05,6/3/2016 10:00,New,Resolved,Closed,,,,,,,,,,,,80760.0,435300.0,,,,,,,,,,,
INC0000169,FALSE,0,0,2,TRUE,Caller 1805,Opened by  62,29/2/2016 10:30,Created by 33,29/2/2016 10:34,Updated by 908,2016-03-07 16:00:00,Phone,Location 108,Category 53,Subcategory 127,Symptom 470,?,2 - Medium,2 - Medium,3 - Moderate,Group 54,?,TRUE,FALSE,Do Not Notify,Problem ID  2,?,?,?,code 7,Resolved by 208,2/3/2016 15:06,7/3/2016 16:00,New,Resolved,Closed,,,,,,,,,,,,189120.0,435240.0,,,,,,,,,,,
INC0000171,FALSE,4,0,16,FALSE,Caller 3007,Opened by  180,29/2/2016 10:33,?,?,Updated by 908,2016-03-24 18:59:00,Phone,Location 55,Category 24,Subcategory 164,Symptom 473,?,1 - High,2 - Medium,2 - High,Group 70,Resolver 149,TRUE,FALSE,Do Not Notify,?,?,?,?,code 9,Resolved by 133,18/3/2016 13:44,24/3/2016 18:59,New,New,New,Awaiting User Info,Awaiting User Info,Awaiting User Info,Awaiting User Info,Awaiting User Info,Awaiting User Info,Awaiting User Info,Awaiting User Info,Awaiting User Info,Resolved,Closed,300.0,103020.0,0.0,171060.0,87540.0,10020.0,833220.0,196860.0,66420.0,98160.0,0.0,60.0,537300.0
INC0000172,FALSE,1,0,9,TRUE,Caller 3117,Opened by  180,29/2/2016 10:36,Created by 81,29/2/2016 10:38,Updated by 908,2016-03-05 19:00:00,Phone,Location 224,Category 23,Subcategory 75,?,?,2 - Medium,2 - Medium,3 - Moderate,Group 20,Resolver 188,TRUE,FALSE,Do Not Notify,?,?,?,?,code 6,Resolved by 171,29/2/2016 18:24,5/3/2016 19:00,New,New,New,Active,Active,Active,Awaiting User Info,Awaiting User Info,Resolved,Closed,,,,,300.0,1380.0,0.0,0.0,7860.0,11160.0,7140.0,120.0,434160.0,,,,
INC0000173,FALSE,1,0,21,FALSE,Caller 64,Opened by  4,29/2/2016 10:36,Created by 2,29/2/2016 10:39,Updated by 908,2016-04-16 15:07:00,Phone,Location 131,Category 55,Subcategory 120,Symptom 580,?,3 - Low,2 - Medium,4 - Low,Group 65,Resolver 4,TRUE,TRUE,Do Not Notify,?,?,?,?,code 1,Resolved by 3,11/4/2016 14:49,16/4/2016 15:07,New,New,Active,Awaiting User Info,Awaiting User Info,Awaiting User Info,Resolved,Closed,,,,,,,60.0,480.0,1815480.0,1827660.0,120.0,0.0,433080.0,,,,,,
INC0000174,FALSE,1,0,9,TRUE,Caller 4414,Opened by  131,29/2/2016 10:39,Created by 62,29/2/2016 10:52,Updated by 804,2016-03-02 13:02:00,Phone,Location 51,Category 32,Subcategory 9,Symptom 580,?,2 - Medium,2 - Medium,3 - Moderate,Group 54,?,TRUE,FALSE,Do Not Notify,?,?,?,?,code 1,Resolved by 184,2/3/2016 13:01,2/3/2016 13:02,New,New,New,New,New,Resolved,Closed,,,,,,,,54300.0,81360.0,1500.0,43380.0,0.0,60.0,,,,,,,
INC0000176,FALSE,0,0,2,TRUE,Caller 786,Opened by  501,29/2/2016 10:40,Created by 216,29/2/2016 10:44,Updated by 908,2016-03-07 16:00:00,Phone,Location 93,Category 53,Subcategory 127,Symptom 470,?,2 - Medium,2 - Medium,3 - Moderate,Group 54,?,TRUE,FALSE,Do Not Notify,?,?,?,?,code 7,Resolved by 208,2/3/2016 15:07,7/3/2016 16:00,New,Resolved,Closed,,,,,,,,,,,,188580.0,435180.0,,,,,,,,,,,
INC0000178,FALSE,0,0,3,TRUE,Caller 1245,Opened by  180,29/2/2016 10:45,?,?,Updated by 908,2016-03-05 12:00:00,Phone,Location 54,Category 20,Subcategory 103,Symptom 605,?,2 - Medium,2 - Medium,3 - Moderate,Group 70,?,TRUE,FALSE,Do Not Notify,?,?,?,?,code 6,Resolved by 15,29/2/2016 11:55,5/3/2016 12:00,New,New,Resolved,Closed,,,,,,,,,,,1320.0,2880.0,432300.0,,,,,,,,,,
INC0000179,FALSE,0,0,2,TRUE,Caller 364,Opened by  40,29/2/2016 10:46,Created by 20,29/2/2016 10:57,Updated by 908,2016-03-07 10:00:00,Phone,Location 143,Category 53,Subcategory 271,Symptom 470,?,2 - Medium,2 - Medium,3 - Moderate,Group 28,Resolver 236,TRUE,FALSE,Do Not Notify,?,?,?,?,code 6,Resolved by 215,2/3/2016 09:20,7/3/2016 10:00,Active,Resolved,Closed,,,,,,,,,,,,166980.0,434400.0,,,,,,,,,,,
INC0000192,FALSE,0,0,2,TRUE,Caller 1590,Opened by  131,29/2/2016 10:58,?,?,Updated by 908,2016-03-05 12:00:00,Phone,Location 143,Category 45,Subcategory 200,Symptom 4,?,2 - Medium,2 - Medium,3 - Moderate,Group 70,?,TRUE,FALSE,Do Not Notify,?,?,?,?,code 7,Resolved by 66,29/2/2016 11:02,5/3/2016 12:00,New,Resolved,Closed,,,,,,,,,,,,240.0,435480.0,,,,,,,,,,,
INC0000193,FALSE,1,0,5,TRUE,Caller 1452,Opened by  62,29/2/2016 10:59,Created by 33,29/2/2016 11:27,Updated by 908,2016-03-06 17:00:00,Phone,Location 204,Category 37,Subcategory 135,Symptom 118,?,2 - Medium,2 - Medium,3 - Moderate,Group 46,Resolver 83,TRUE,FALSE,Do Not Notify,?,?,?,?,code 6,Resolved by 76,1/3/2016 16:03,6/3/2016 17:00,New,Active,Active,Active,Resolved,Closed,,,,,,,,,0.0,92880.0,9960.0,120.0,435420.0,,,,,,,,
INC0000194,FALSE,0,0,2,TRUE,Caller 4323,Opened by  180,29/2/2016 10:59,?,?,Updated by 908,2016-03-05 12:00:00,Phone,Location 93,Category 42,Subcategory 224,Symptom 4,?,2 - Medium,2 - Medium,3 - Moderate,Group 70,?,TRUE,FALSE,Do Not Notify,?,?,?,?,code 6,Resolved by 85,29/2/2016 11:11,5/3/2016 12:00,New,Resolved,Closed,,,,,,,,,,,,720.0,434940.0,,,,,,,,,,,
INC0000195,FALSE,0,0,3,TRUE,Caller 952,Opened by  40,29/2/2016 11:00,Created by 20,29/2/2016 11:04,Updated by 908,2016-03-07 16:00:00,Phone,Location 136,Category 53,Subcategory 127,Symptom 470,?,2 - Medium,2 - Medium,3 - Moderate,Group 54,?,TRUE,FALSE,Do Not Notify,Problem ID  2,?,?,?,code 10,Resolved by 208,2/3/2016 15:15,7/3/2016 16:00,Active,Active,Resolved,Closed,,,,,,,,,,,180.0,187680.0,434700.0,,,,,,,,,,
INC0000204,FALSE,0,0,3,TRUE,Caller 1878,Opened by  501,29/2/2016 11:13,Created by 216,29/2/2016 11:42,Updated by 908,2016-03-05 17:00:00,Phone,Location 93,Category 53,Subcategory 168,Symptom 470,?,3 - Low,3 - Low,4 - Low,Group 23,?,TRUE,FALSE,Do Not Notify,?,?,?,?,code 17,Resolved by 62,29/2/2016 16:43,5/3/2016 17:00,New,Resolved,Resolved,Closed,,,,,,,,,,,18060.0,0.0,433020.0,,,,,,,,,,
INC0000207,FALSE,0,0,4,TRUE,Caller 3772,Opened by  131,29/2/2016 11:19,?,?,Updated by 908,2016-03-05 21:00:00,Phone,Location 204,Category 9,Subcategory 164,Symptom 232,?,2 - Medium,2 - Medium,3 - Moderate,Group 70,Resolver 26,TRUE,FALSE,Do Not Notify,?,?,?,?,code 6,Resolved by 24,29/2/2016 20:15,5/3/2016 21:00,New,New,New,Resolved,Closed,,,,,,,,,,32100.0,60.0,0.0,434700.0,,,,,,,,,
INC0000211,FALSE,0,0,6,TRUE,Caller 803,Opened by  180,29/2/2016 11:23,?,?,Updated by 908,2016-03-08 07:00:00,Phone,Location 93,Category 23,Subcategory 3,?,?,2 - Medium,2 - Medium,3 - Moderate,Group 70,Resolver 94,TRUE,FALSE,Do Not Notify,?,?,?,?,code 6,Resolved by 85,3/3/2016 06:46,8/3/2016 07:00,Active,Active,Active,Resolved,Closed,,,,,,,,,,83700.0,5340.0,153540.0,432840.0,,,,,,,,,
INC0000213,FALSE,0,0,3,TRUE,Caller 3459,Opened by  40,29/2/2016 11:25,?,?,Updated by 908,2016-03-05 13:00:00,Phone,Location 2,Category 53,Subcategory 271,Symptom 470,?,2 - Medium,2 - Medium,3 - Moderate,Group 70,?,TRUE,FALSE,Do Not Notify,?,?,?,?,code 7,Resolved by 21,29/2/2016 12:53,5/3/2016 13:00,Active,Resolved,Closed,,,,,,,,,,,,5280.0,432420.0,,,,,,,,,,,
INC0000217,FALSE,2,0,8,FALSE,Caller 220,Opened by  301,29/2/2016 11:48,Created by 129,29/2/2016 12:10,Updated by 908,2016-03-24 18:40:00,Phone,Location 55,Category 37,Subcategory 123,?,?,2 - Medium,2 - Medium,3 - Moderate,Group 29,Resolver 31,TRUE,FALSE,Do Not Notify,?,?,?,?,code 6,Resolved by 30,8/3/2016 09:27,24/3/2016 18:40,New,New,New,New,Awaiting User Info,Awaiting User Info,Resolved,Closed,,,,,,,47820.0,132120.0,91680.0,0.0,409800.0,0.0,1415580.0,,,,,,
INC0000218,FALSE,1,0,7,TRUE,Caller 1969,Opened by  180,29/2/2016 11:53,Created by 81,29/2/2016 11:56,Updated by 908,2016-03-05 14:00:00,Phone,Location 93,Category 9,Subcategory 164,?,?,2 - Medium,2 - Medium,3 - Moderate,Group 23,?,TRUE,FALSE,Do Not Notify,?,?,?,?,code 6,Resolved by 85,29/2/2016 13:36,5/3/2016 14:00,New,New,New,New,Resolved,Resolved,Closed,,,,,,,,120.0,300.0,300.0,0.0,5280.0,433440.0,,,,,,,
INC0000220,FALSE,1,0,8,FALSE,Caller 3342,Opened by  40,29/2/2016 11:56,Created by 20,29/2/2016 11:59,Updated by 241,2016-03-17 16:27:00,Phone,Location 40,Category 53,Subcategory 271,Symptom 470,?,2 - Medium,2 - Medium,3 - Moderate,Group 23,Resolver 69,TRUE,FALSE,Do Not Notify,?,?,?,?,code 6,Resolved by 62,9/3/2016 17:24,17/3/2016 16:27,Active,Active,Active,Awaiting User Info,Resolved,Closed,,,,,,,,,270360.0,1560.0,0.0,525180.0,687780.0,,,,,,,,
INC0000221,FALSE,1,0,4,TRUE,Caller 2303,Opened by  131,29/2/2016 11:58,?,?,Updated by 908,2016-03-07 15:00:00,Phone,Location 143,Category 61,Subcategory 16,Symptom 486,?,2 - Medium,2 - Medium,3 - Moderate,Group 74,Resolver 145,TRUE,FALSE,Do Not Notify,?,?,?,?,code 9,Resolved by 130,2/3/2016 14:06,7/3/2016 15:00,New,New,Active,Resolved,Closed,,,,,,,,,,4560.0,175440.0,480.0,435240.0,,,,,,,,,
INC0000223,FALSE,1,0,10,TRUE,Caller 3342,Opened by  40,29/2/2016 12:01,Created by 20,29/2/2016 12:07,Updated by 908,2016-03-08 09:00:00,Phone,Location 40,Category 53,Subcategory 271,Symptom 470,?,2 - Medium,2 - Medium,3 - Moderate,Group 5,Resolver 176,TRUE,FALSE,Do Not Notify,?,?,?,?,code 1,Resolved by 159,3/3/2016 08:57,8/3/2016 09:00,New,New,Active,Active,Awaiting User Info,Awaiting User Info,Awaiting User Info,Awaiting User Info,Resolved,Closed,,,,,48660.0,31740.0,23640.0,0.0,58620.0,83280.0,0.0,1860.0,432180.0,,,,
INC0000228,FALSE,0,0,3,TRUE,Caller 197,Opened by  301,29/2/2016 12:11,Created by 129,29/2/2016 12:42,Updated by 908,2016-03-05 17:00:00,Phone,Location 70,Category 26,Subcategory 175,?,?,2 - Medium,2 - Medium,3 - Moderate,Group 27,Resolver 170,TRUE,TRUE,Do Not Notify,?,?,?,?,code 11,Resolved by 153,29/2/2016 16:08,5/3/2016 17:00,New,New,Resolved,Closed,,,,,,,,,,,12240.0,120.0,435120.0,,,,,,,,,,
INC0000230,FALSE,1,0,10,FALSE,Caller 917,Opened by  55,29/2/2016 12:14,Created by 30,29/2/2016 12:33,Updated by 908,2016-03-24 18:40:00,Phone,Location 161,Category 55,Subcategory 270,Symptom 6,?,2 - Medium,2 - Medium,3 - Moderate,Group 33,Resolver 159,TRUE,FALSE,Do Not Notify,?,?,?,?,code 10,Resolved by 143,7/3/2016 15:12,24/3/2016 18:40,New,Active,Awaiting User Info,Awaiting User Info,Active,Awaiting Problem,Awaiting Problem,Active,Resolved,Closed,,,,,14040.0,4080.0,50940.0,0.0,281760.0,263280.0,60.0,180.0,1481280.0,,,,
INC0000232,FALSE,1,0,13,FALSE,Caller 3032,Opened by  501,29/2/2016 12:20,?,?,Updated by 908,2016-03-24 18:50:00,Phone,Location 143,Category 45,Subcategory 200,Symptom 470,?,3 - Low,3 - Low,4 - Low,Group 70,Resolver 150,TRUE,FALSE,Do Not Notify,?,?,?,?,code 7,Resolved by 134,12/3/2016 21:23,24/3/2016 18:50,New,New,New,New,New,Awaiting User Info,Awaiting User Info,Awaiting User Info,Awaiting User Info,Awaiting User Info,Awaiting User Info,Resolved,Closed,,252720.0,0.0,29640.0,59700.0,840.0,16440.0,423780.0,4440.0,242160.0,29520.0,10140.0,1027620.0,
INC0000236,FALSE,0,0,3,TRUE,Caller 3640,Opened by  131,29/2/2016 12:26,?,?,Updated by 908,2016-03-05 14:00:00,Phone,Location 108,Category 45,Subcategory 223,Symptom 470,?,2 - Medium,2 - Medium,3 - Moderate,Group 70,?,TRUE,FALSE,Do Not Notify,?,?,?,?,code 7,Resolved by 66,29/2/2016 13:16,5/3/2016 14:00,New,New,Resolved,Closed,,,,,,,,,,,2940.0,60.0,434640.0,,,,,,,,,,
INC0000237,FALSE,0,0,3,TRUE,Caller 2047,Opened by  62,29/2/2016 12:27,?,?,Updated by 908,2016-03-06 15:00:00,Phone,Location 108,Category 45,Subcategory 200,Symptom 470,?,2 - Medium,2 - Medium,3 - Moderate,Group 70,Resolver 33,TRUE,FALSE,Do Not Notify,?,?,?,?,code 10,Resolved by 32,1/3/2016 14:04,6/3/2016 15:00,Active,Active,Resolved,Closed,,,,,,,,,,,92220.0,0.0,435360.0,,,,,,,,,,
INC0000246,FALSE,1,0,9,FALSE,Caller 5620,Opened by  24,29/2/2016 12:41,Created by 13,29/2/2016 12:43,Updated by 908,2016-03-09 12:00:00,Phone,Location 108,Category 20,Subcategory 103,Symptom 592,?,2 - Medium,2 - Medium,3 - Moderate,Group 27,Resolver 34,TRUE,FALSE,Do Not Notify,?,?,?,?,code 6,Resolved by 33,4/3/2016 11:56,9/3/2016 12:00,New,Active,Active,Awaiting User Info,Awaiting User Info,Active,Active,Resolved,Closed,,,,,,60.0,1380.0,167280.0,173460.0,240.0,360.0,0.0,432240.0,,,,,
INC0000253,FALSE,1,0,6,TRUE,Caller 1001,Opened by  55,29/2/2016 12:43,Created by 30,29/2/2016 13:04,Updated by 908,2016-03-07 10:00:00,Phone,Location 143,Category 26,Subcategory 175,?,?,2 - Medium,2 - Medium,3 - Moderate,Group 28,?,TRUE,FALSE,Do Not Notify,?,?,?,?,code 6,Resolved by 71,2/3/2016 09:08,7/3/2016 10:00,New,New,New,New,New,Resolved,Closed,,,,,,,,73680.0,28500.0,60.0,56220.0,180.0,435120.0,,,,,,,
INC0000257,FALSE,0,0,3,TRUE,Caller 5072,Opened by  501,29/2/2016 12:48,Created by 216,29/2/2016 13:42,Updated by 908,2016-03-05 23:00:00,Phone,Location 115,Category 37,Subcategory 144,Symptom 580,?,2 - Medium,2 - Medium,3 - Moderate,Group 12,?,TRUE,FALSE,Do Not Notify,?,?,?,?,code 6,Resolved by 24,29/2/2016 22:28,5/3/2016 23:00,New,New,Resolved,Closed,,,,,,,,,,,180.0,31380.0,433920.0,,,,,,,,,,
INC0000259,FALSE,1,0,9,TRUE,Caller 5182,Opened by  62,29/2/2016 12:50,Created by 33,29/2/2016 13:15,Updated by 908,2016-03-07 11:00:00,Phone,Location 108,Category 9,Subcategory 164,Symptom 580,?,2 - Medium,2 - Medium,3 - Moderate,Group 27,Resolver 170,TRUE,FALSE,Do Not Notify,?,?,?,?,code 11,Resolved by 153,2/3/2016 10:39,7/3/2016 11:00,New,Active,Active,Active,Active,Awaiting User Info,Active,Active,Resolved,Closed,,,,,0.0,90120.0,7980.0,60.0,180.0,64680.0,300.0,120.0,433260.0,,,,
INC0000260,FALSE,0,0,3,TRUE,Caller 2690,Opened by  257,29/2/2016 12:52,?,?,Updated by 908,2016-03-08 16:00:00,Phone,Location 51,Category 17,Subcategory 90,Symptom 4,?,2 - Medium,2 - Medium,3 - Moderate,Group 69,?,TRUE,FALSE,Do Not Notify,?,?,?,?,code 8,Resolved by 56,3/3/2016 15:09,8/3/2016 16:00,New,Resolved,Closed,,,,,,,,,,,,267420.0,435060.0,,,,,,,,,,,
INC0000261,FALSE,0,0,7,TRUE,Caller 1393,Opened by  128,29/2/2016 12:54,Created by 67,29/2/2016 12:58,Updated by 300,2016-02-29 17:47:00,Phone,Location 197,Category 42,Subcategory 31,Symptom 273,?,1 - High,1 - High,1 - Critical,Group 3,Resolver 71,TRUE,TRUE,Do Not Notify,Problem ID  4,?,?,?,code 1,Resolved by 64,29/2/2016 17:47,29/2/2016 17:47,Active,Active,Active,Active,Active,Active,Resolved,Closed,,,,,,,960.0,360.0,0.0,2220.0,120.0,13680.0,0.0,,,,,,
INC0000262,FALSE,1,0,7,TRUE,Caller 4180,Opened by  40,29/2/2016 12:59,Created by 20,29/2/2016 13:13,Updated by 908,2016-03-07 10:00:00,Phone,Location 143,Category 53,Subcategory 271,Symptom 470,?,2 - Medium,2 - Medium,3 - Moderate,Group 28,Resolver 78,TRUE,FALSE,Do Not Notify,?,?,?,?,code 6,Resolved by 71,2/3/2016 09:21,7/3/2016 10:00,Active,Active,Active,Active,Active,Active,Resolved,Closed,,,,,,,27180.0,82140.0,49440.0,60.0,60.0,0.0,434340.0,,,,,,
INC0000265,FALSE,4,0,9,TRUE,Caller 2441,Opened by  55,29/2/2016 13:14,?,?,Updated by 908,2016-03-07 16:00:00,Phone,Location 136,Category 20,Subcategory 103,Symptom 6,?,2 - Medium,2 - Medium,3 - Moderate,Group 69,?,TRUE,FALSE,Do Not Notify,?,?,?,?,code 8,Resolved by 83,2/3/2016 15:29,7/3/2016 16:00,New,New,New,New,New,New,Resolved,Closed,,,,,,,6480.0,780.0,18120.0,0.0,154920.0,600.0,433860.0,,,,,,
INC0000266,FALSE,1,0,11,FALSE,Caller 1009,Opened by  40,29/2/2016 13:18,Created by 20,29/2/2016 13:20,Updated by 908,2016-03-09 17:00:00,Phone,Location 143,Category 53,Subcategory 271,Symptom 470,?,2 - Medium,2 - Medium,3 - Moderate,Group 28,Resolver 78,TRUE,FALSE,Do Not Notify,?,?,?,?,code 6,Resolved by 71,4/3/2016 16:24,9/3/2016 17:00,Active,Active,Awaiting User Info,Awaiting User Info,Awaiting User Info,Awaiting User Info,Awaiting User Info,Active,Active,Active,Resolved,Closed,,,187980.0,0.0,91080.0,240.0,60360.0,9720.0,6900.0,240.0,120.0,0.0,434160.0,,
INC0000272,FALSE,4,0,12,FALSE,Caller 4167,Opened by  221,29/2/2016 13:36,Created by 98,29/2/2016 13:46,Updated by 908,2016-03-24 18:40:00,Phone,Location 143,Category 42,Subcategory 31,Symptom 4,?,3 - Low,2 - Medium,4 - Low,Group 39,?,TRUE,FALSE,Do Not Notify,?,?,?,?,code 6,Resolved by 166,8/3/2016 15:35,24/3/2016 18:40,New,New,New,New,New,New,New,New,New,New,Resolved,Closed,,,172980.0,120.0,511020.0,0.0,10740.0,0.0,420.0,0.0,1860.0,600.0,1393500.0,,
INC0000273,FALSE,1,0,5,FALSE,Caller 4756,Opened by  40,29/2/2016 13:36,Created by 20,29/2/2016 13:49,Updated by 908,2016-03-09 15:00:00,Phone,Location 93,Category 53,Subcategory 168,Symptom 470,?,2 - Medium,2 - Medium,3 - Moderate,Group 23,Resolver 215,TRUE,FALSE,Do Not Notify,?,?,?,?,code 6,Resolved by 196,4/3/2016 14:38,9/3/2016 15:00,Active,Active,Active,Active,Resolved,Closed,,,,,,,,,25440.0,239040.0,84000.0,60.0,433320.0,,,,,,,,
INC0000278,FALSE,0,0,5,TRUE,Caller 4414,Opened by  433,29/2/2016 13:48,Created by 190,29/2/2016 14:03,Updated by 908,2016-03-05 15:00:00,Phone,Location 51,Category 45,Subcategory 29,?,?,2 - Medium,2 - Medium,3 - Moderate,Group 55,Resolver 134,TRUE,FALSE,Do Not Notify,?,?,?,?,code 6,Resolved by 120,29/2/2016 14:46,5/3/2016 15:00,Active,Active,Active,Active,Resolved,Closed,,,,,,,,,1380.0,0.0,180.0,1020.0,432840.0,,,,,,,,
INC0000279,FALSE,0,0,3,TRUE,Caller 5620,Opened by  55,29/2/2016 13:50,?,?,Updated by 908,2016-03-07 02:00:00,Phone,Location 108,Category 20,Subcategory 103,Symptom 116,?,2 - Medium,2 - Medium,3 - Moderate,Group 70,?,TRUE,FALSE,Do Not Notify,?,?,?,?,code 2,Resolved by 174,2/3/2016 01:03,7/3/2016 02:00,New,New,Resolved,Closed,,,,,,,,,,,125700.0,1080.0,435420.0,,,,,,,,,,
INC0000280,FALSE,5,0,12,FALSE,Caller 5374,Opened by  301,29/2/2016 13:50,?,?,Updated by 908,2016-03-24 18:40:00,Phone,Location 108,Category 20,Subcategory 125,Symptom 6,?,2 - Medium,2 - Medium,3 - Moderate,Group 70,?,TRUE,FALSE,Do Not Notify,?,?,?,?,code 6,Resolved by 24,7/3/2016 19:57,24/3/2016 18:40,New,New,New,New,New,Active,Awaiting User Info,Awaiting User Info,Active,Active,Resolved,Closed,,,41580.0,141480.0,29940.0,31080.0,4680.0,480.0,85440.0,271140.0,20940.0,60.0,1464180.0,,
INC0000282,FALSE,0,0,3,TRUE,Caller 1403,Opened by  40,29/2/2016 13:52,?,?,Updated by 908,2016-03-08 13:00:00,Phone,Location 143,Category 53,Subcategory 271,Symptom 470,?,2 - Medium,2 - Medium,3 - Moderate,Group 70,?,TRUE,FALSE,Do Not Notify,?,?,?,?,code 6,Resolved by 15,3/3/2016 12:34,8/3/2016 13:00,Active,Active,Resolved,Closed,,,,,,,,,,,240.0,254280.0,433560.0,,,,,,,,,,
INC0000283,FALSE,1,0,10,TRUE,Caller 99,Opened by  386,29/2/2016 13:54,Created by 167,29/2/2016 14:11,Updated by 908,2016-03-06 10:00:00,Phone,Location 51,Category 42,Subcategory 31,?,?,2 - Medium,2 - Medium,3 - Moderate,Group 39,Resolver 183,TRUE,FALSE,Do Not Notify,?,?,?,?,code 6,Resolved by 166,1/3/2016 09:26,6/3/2016 10:00,Active,Active,Active,Active,Active,Active,Active,Resolved,Closed,,,,,,120.0,60.0,1020.0,300.0,60.0,64740.0,3000.0,434040.0,,,,,
INC0000284,FALSE,0,0,5,TRUE,Caller 676,Opened by  62,29/2/2016 13:55,Created by 33,29/2/2016 14:28,Updated by 908,2016-03-07 12:00:00,Phone,Location 143,Category 53,Subcategory 13,?,?,2 - Medium,2 - Medium,3 - Moderate,Group 28,Resolver 78,TRUE,FALSE,Do Not Notify,?,?,?,?,code 6,Resolved by 71,2/3/2016 11:57,7/3/2016 12:00,New,Active,Active,Active,Resolved,Closed,,,,,,,,,154560.0,9120.0,60.0,0.0,432180.0,,,,,,,,
INC0000285,FALSE,0,0,5,TRUE,Caller 4858,Opened by  55,29/2/2016 13:56,?,?,Updated by 908,2016-03-07 01:00:00,Phone,Location 136,Category 45,Subcategory 223,?,?,2 - Medium,2 - Medium,3 - Moderate,Group 70,?,TRUE,FALSE,Do Not Notify,?,?,?,?,code 6,Resolved by 174,2/3/2016 00:55,7/3/2016 01:00,New,New,New,New,Resolved,Closed,,,,,,,,,40440.0,180.0,85140.0,180.0,432300.0,,,,,,,,
INC0000286,FALSE,1,0,6,TRUE,Caller 3221,Opened by  40,29/2/2016 13:56,Created by 20,29/2/2016 14:04,Updated by 908,2016-03-08 17:00:00,Phone,Location 143,Category 53,Subcategory 168,Symptom 470,?,2 - Medium,2 - Medium,3 - Moderate,Group 28,?,TRUE,FALSE,Do Not Notify,?,?,?,?,code 6,Resolved by 71,3/3/2016 16:07,8/3/2016 17:00,Active,Active,Active,Resolved,Closed,,,,,,,,,,263880.0,2700.0,0.0,435180.0,,,,,,,,,
INC0000292,FALSE,3,0,10,TRUE,Caller 1163,Opened by  501,29/2/2016 14:04,Created by 216,29/2/2016 14:18,Updated by 908,2016-03-07 10:00:00,Phone,Location 143,Category 20,Subcategory 125,Symptom 486,?,3 - Low,3 - Low,4 - Low,Group 28,Resolver 236,TRUE,FALSE,Do Not Notify,?,?,?,?,code 6,Resolved by 215,2/3/2016 09:57,7/3/2016 10:00,New,New,New,Active,Active,Active,Active,Active,Resolved,Closed,,,,,1800.0,5880.0,180.0,56760.0,2040.0,60.0,87780.0,2640.0,432180.0,,,,
INC0000295,FALSE,0,0,4,FALSE,Caller 378,Opened by  221,29/2/2016 14:09,Created by 98,29/2/2016 14:15,Updated by 908,2016-03-09 10:00:00,Phone,Location 93,Category 13,Subcategory 302,Symptom 208,?,2 - Medium,2 - Medium,3 - Moderate,Group 23,Resolver 69,TRUE,FALSE,Do Not Notify,?,?,?,?,code 4,Resolved by 62,4/3/2016 09:33,9/3/2016 10:00,New,Awaiting User Info,Awaiting User Info,Resolved,Closed,,,,,,,,,,94920.0,86160.0,147600.0,433620.0,,,,,,,,,
INC0000297,FALSE,0,0,5,FALSE,Caller 378,Opened by  221,29/2/2016 14:15,Created by 98,29/2/2016 14:17,Updated by 908,2016-03-09 10:00:00,Phone,Location 93,Category 13,Subcategory 302,Symptom 208,?,2 - Medium,2 - Medium,3 - Moderate,Group 23,Resolver 69,TRUE,FALSE,Do Not Notify,?,?,?,?,code 4,Resolved by 62,4/3/2016 09:34,9/3/2016 10:00,New,New,Awaiting User Info,Awaiting User Info,Resolved,Closed,,,,,,,,,94680.0,0.0,86340.0,147600.0,433560.0,,,,,,,,
INC0000298,FALSE,0,0,93,FALSE,Caller 5051,Opened by  433,29/2/2016 14:16,?,?,Updated by 908,2016-11-30 08:10:00,Phone,Location 204,Category 53,Subcategory 113,?,?,3 - Low,3 - Low,4 - Low,Group 66,Resolver 18,FALSE,TRUE,Do Not Notify,?,?,?,?,code 6,Resolved by 16,25/11/2016 08:07,30/11/2016 08:10,Active,Awaiting User Info,Awaiting User Info,Resolved,Closed,,,,,,,,,,1620.0,23303340.0,900.0,432180.0,,,,,,,,,
INC0000301,FALSE,1,0,6,TRUE,Caller 378,Opened by  221,29/2/2016 14:22,Created by 98,29/2/2016 14:24,Updated by 908,2016-03-06 12:00:00,Phone,Location 93,Category 45,Subcategory 29,Symptom 4,?,2 - Medium,2 - Medium,3 - Moderate,Group 55,?,TRUE,FALSE,Do Not Notify,?,?,?,?,code 6,Resolved by 195,1/3/2016 11:35,6/3/2016 12:00,New,New,New,New,New,Resolved,Closed,,,,,,,,1260.0,4020.0,70560.0,360.0,60.0,433500.0,,,,,,,
INC0000302,FALSE,2,0,14,FALSE,Caller 4598,Opened by  55,29/2/2016 14:23,Created by 30,29/2/2016 14:36,Updated by 908,2016-03-27 12:59:00,Phone,Location 93,Category 35,Subcategory 28,?,?,2 - Medium,2 - Medium,3 - Moderate,Group 29,Resolver 31,FALSE,TRUE,Do Not Notify,?,?,?,?,code 6,Resolved by 30,22/3/2016 12:57,27/3/2016 12:59,New,Active,Active,Active,Active,Awaiting User Info,Awaiting User Info,Awaiting User Info,Resolved,Closed,,,,,30720.0,139980.0,66180.0,1380.0,109440.0,502140.0,0.0,1045020.0,432120.0,,,,
INC0000303,FALSE,0,0,10,FALSE,Caller 3479,Opened by  325,29/2/2016 14:23,Created by 140,29/2/2016 14:51,Updated by 908,2016-03-24 18:50:00,Phone,Location 143,Category 53,Subcategory 109,Symptom 208,?,3 - Low,3 - Low,4 - Low,Group 33,Resolver 159,TRUE,FALSE,Do Not Notify,?,CHG0000127,?,?,code 7,Resolved by 143,10/3/2016 17:47,24/3/2016 18:50,Active,Active,Awaiting Problem,Awaiting User Info,Awaiting Problem,Awaiting Problem,Resolved,Closed,,,,,,,120.0,180.0,5160.0,780780.0,88320.0,0.0,1213380.0,,,,,,
INC0000304,FALSE,0,0,5,TRUE,Caller 378,Opened by  221,29/2/2016 14:25,Created by 98,29/2/2016 14:28,Updated by 908,2016-03-08 16:00:00,Phone,Location 93,Category 53,Subcategory 168,Symptom 4,?,2 - Medium,2 - Medium,3 - Moderate,Group 23,Resolver 69,TRUE,FALSE,Do Not Notify,?,?,?,?,code 6,Resolved by 62,3/3/2016 15:09,8/3/2016 16:00,New,Awaiting User Info,Awaiting User Info,Awaiting User Info,Resolved,Closed,,,,,,,,,94080.0,86280.0,81240.0,60.0,435060.0,,,,,,,,
INC0000305,FALSE,1,0,10,FALSE,Caller 685,Opened by  221,29/2/2016 14:28,Created by 98,29/2/2016 14:57,Updated by 908,2016-03-09 15:00:00,Phone,Location 143,Category 53,Subcategory 168,Symptom 4,?,2 - Medium,2 - Medium,3 - Moderate,Group 28,Resolver 78,TRUE,FALSE,Do Not Notify,?,?,?,?,code 6,Resolved by 71,4/3/2016 14:41,9/3/2016 15:00,New,New,New,New,Awaiting User Info,Awaiting User Info,Awaiting User Info,Awaiting User Info,Resolved,Closed,,,,,120.0,60.0,14100.0,3960.0,60.0,318360.0,7980.0,0.0,433140.0,,,,
INC0000306,FALSE,0,0,3,TRUE,Caller 4167,Opened by  62,29/2/2016 14:28,Created by 33,29/2/2016 14:43,Updated by 908,2016-03-07 17:00:00,Phone,Location 143,Category 23,Subcategory 3,Symptom 4,?,2 - Medium,2 - Medium,3 - Moderate,Group 54,?,TRUE,FALSE,Do Not Notify,?,?,?,?,code 7,Resolved by 208,2/3/2016 16:48,7/3/2016 17:00,New,New,Resolved,Closed,,,,,,,,,,,180240.0,60.0,432720.0,,,,,,,,,,
INC0000307,FALSE,0,0,102,FALSE,Caller 3038,Opened by  433,29/2/2016 14:30,?,?,Updated by 908,2016-12-24 15:00:00,Phone,Location 204,Category 45,Subcategory 220,?,?,3 - Low,3 - Low,4 - Low,Group 66,Resolver 18,FALSE,TRUE,Do Not Notify,?,?,?,?,code 6,Resolved by 16,19/12/2016 14:55,24/12/2016 15:00,Active,Awaiting User Info,Awaiting User Info,Resolved,Closed,,,,,,,,,,780.0,25401420.0,900.0,432300.0,,,,,,,,,
INC0000310,FALSE,0,0,4,TRUE,Caller 369,Opened by  433,29/2/2016 14:33,?,?,Updated by 908,2016-03-06 14:00:00,Phone,Location 204,Category 45,Subcategory 220,?,?,3 - Low,3 - Low,4 - Low,Group 66,Resolver 175,TRUE,FALSE,Do Not Notify,?,?,?,?,code 5,Resolved by 184,1/3/2016 13:47,6/3/2016 14:00,Active,Awaiting User Info,Resolved,Closed,,,,,,,,,,,180.0,83460.0,432780.0,,,,,,,,,,
INC0000315,FALSE,1,0,6,FALSE,Caller 99,Opened by  386,29/2/2016 14:37,?,?,Updated by 908,2016-03-24 18:40:00,Phone,Location 51,Category 23,Subcategory 3,?,?,2 - Medium,2 - Medium,3 - Moderate,Group 72,?,TRUE,FALSE,Do Not Notify,?,?,?,?,code 16,Resolved by 99,7/3/2016 09:12,24/3/2016 18:40,New,New,Active,Active,Resolved,Closed,,,,,,,,,69600.0,3180.0,10620.0,501900.0,1502880.0,,,,,,,,
INC0000317,FALSE,0,0,23,FALSE,Caller 387,Opened by  433,29/2/2016 14:40,?,?,Updated by 908,2016-04-30 17:07:00,Phone,Location 204,Category 45,Subcategory 220,?,?,3 - Low,3 - Low,4 - Low,Group 66,Resolver 175,TRUE,TRUE,Do Not Notify,?,CHG0000646,?,?,code 6,Resolved by 158,25/4/2016 17:06,30/4/2016 17:07,Active,Active,Awaiting User Info,Awaiting User Info,Resolved,Closed,,,,,,,,,120.0,0.0,3080100.0,1766940.0,432060.0,,,,,,,,
INC0000318,FALSE,0,0,16,FALSE,Caller 3038,Opened by  433,29/2/2016 14:43,?,?,Updated by 908,2016-04-02 13:59:00,Phone,Location 204,Category 45,Subcategory 220,?,?,3 - Low,3 - Low,4 - Low,Group 66,Resolver 175,TRUE,TRUE,Do Not Notify,?,?,?,?,code 6,Resolved by 158,28/3/2016 12:10,2/4/2016 13:59,Active,Awaiting User Info,Awaiting User Info,Awaiting User Info,Resolved,Closed,,,,,,,,,660.0,2409300.0,60.0,0.0,438540.0,,,,,,,,
INC0000319,FALSE,1,0,4,TRUE,Caller 2443,Opened by  62,29/2/2016 14:44,Created by 33,29/2/2016 14:50,Updated by 908,2016-03-07 16:00:00,Phone,Location 204,Category 37,Subcategory 135,Symptom 509,?,2 - Medium,2 - Medium,3 - Moderate,Group 46,Resolver 83,TRUE,FALSE,Do Not Notify,?,?,?,?,code 6,Resolved by 76,2/3/2016 15:12,7/3/2016 16:00,New,New,Awaiting User Info,Resolved,Closed,,,,,,,,,,168960.0,1500.0,3660.0,434880.0,,,,,,,,,
INC0000324,FALSE,0,0,45,FALSE,Caller 787,Opened by  381,29/2/2016 14:47,Created by 158,29/2/2016 15:06,Updated by 908,2016-06-21 10:00:00,Phone,Location 93,Category 45,Subcategory 88,Symptom 327,?,2 - Medium,3 - Low,4 - Low,Group 31,Resolver 182,FALSE,TRUE,Do Not Notify,?,?,?,?,code 6,Resolved by 165,16/6/2016 09:34,21/6/2016 10:00,Active,Active,Awaiting User Info,Resolved,Closed,,,,,,,,,,1800.0,420.0,9309060.0,433560.0,,,,,,,,,
INC0000325,FALSE,0,0,11,FALSE,Caller 369,Opened by  433,29/2/2016 14:49,?,?,Updated by 908,2016-03-24 18:59:00,Phone,Location 204,Category 45,Subcategory 220,?,?,3 - Low,3 - Low,4 - Low,Group 66,Resolver 203,TRUE,FALSE,Do Not Notify,?,?,?,?,code 6,Resolved by 184,16/3/2016 08:56,24/3/2016 18:59,Active,Awaiting User Info,Resolved,Closed,,,,,,,,,,,300.0,1360920.0,727380.0,,,,,,,,,,
INC0000330,FALSE,0,0,11,FALSE,Caller 4162,Opened by  433,29/2/2016 14:52,?,?,Updated by 908,2016-03-24 18:59:00,Phone,Location 204,Category 45,Subcategory 220,?,?,3 - Low,3 - Low,4 - Low,Group 66,Resolver 203,TRUE,FALSE,Do Not Notify,?,?,?,?,code 7,Resolved by 184,18/3/2016 13:44,24/3/2016 18:59,Active,Awaiting User Info,Awaiting User Info,Resolved,Closed,,,,,,,,,,120.0,1541280.0,9720.0,537300.0,,,,,,,,,
INC0000333,FALSE,0,0,22,FALSE,Caller 369,Opened by  433,29/2/2016 14:56,?,?,Updated by 908,2016-05-04 10:07:00,Phone,Location 204,Category 45,Subcategory 223,?,?,3 - Low,3 - Low,4 - Low,Group 66,Resolver 175,TRUE,TRUE,Do Not Notify,?,?,?,?,code 6,Resolved by 158,29/4/2016 09:41,4/5/2016 10:07,Awaiting User Info,Resolved,Closed,,,,,,,,,,,,5165100.0,433560.0,,,,,,,,,,,
INC0000336,FALSE,0,0,7,FALSE,Caller 387,Opened by  433,29/2/2016 15:03,?,?,Updated by 908,2016-03-24 18:50:00,Phone,Location 204,Category 45,Subcategory 220,?,?,3 - Low,3 - Low,4 - Low,Group 66,Resolver 175,TRUE,FALSE,Do Not Notify,?,?,?,?,code 6,Resolved by 158,10/3/2016 17:27,24/3/2016 18:50,Awaiting User Info,Awaiting User Info,Resolved,Closed,,,,,,,,,,,872520.0,120.0,1214580.0,,,,,,,,,,
INC0000337,FALSE,0,0,33,FALSE,Caller 1895,Opened by  433,29/2/2016 15:07,?,?,Updated by 908,2016-06-04 13:07:00,Phone,Location 204,Category 45,Subcategory 220,?,?,2 - Medium,2 - Medium,3 - Moderate,Group 66,Resolver 175,TRUE,TRUE,Do Not Notify,?,?,?,?,code 6,Resolved by 158,30/5/2016 12:23,4/6/2016 13:07,Awaiting User Info,Resolved,Closed,,,,,,,,,,,,7852560.0,434640.0,,,,,,,,,,,